,Accuracy,F1,Precision,Recall
Base_Model,0.5466666666666666,0.540305489174866,0.5664600454776965,0.5466666666666666
Optimized_Model,0.5266666666666667,0.5225421552551743,0.5318266494925533,0.5266666666666667
